https://www.wildberries.ru/brands/ytro,ytro,on
https://www.wildberries.ru/brands/nikastyle,nikastyle,off
https://www.wildberries.ru/brands/oldos/odezhda,oldos,off
https://www.wildberries.ru/brands/alpex,alpex,off
https://www.wildberries.ru/brands/orby/verhnyaya-odezhda,orby,off
https://www.wildberries.ru/brands/lassie/verhnyaya-odezhda,lassie,off
https://www.wildberries.ru/brands/acoola/verhnyaya-odezhda,acoola,off
https://www.wildberries.ru/brands/premont,premont,off
https://www.wildberries.ru/brands/reima/odezhda/verhnyaya-odezhda,reima,off
https://www.wildberries.ru/brands/huppa/verhnyaya-odezhda,huppa,off
https://www.wildberries.ru/brands/arctiline?sort=newly,arctiline,off
https://www.wildberries.ru/brands/zarina/kurtki,ZARINA,off
https://www.wildberries.ru/brands/stets/verhnyaya-odezhda,stets,off
https://www.wildberries.ru/brands/and-berries/verhnyaya-odezhda,&Berries,off
https://www.wildberries.ru/brands/youu-chic/verhnyaya-odezhda,you.u chic,off
https://www.wildberries.ru/brands/fadjo/kurtki,FADJO,off
https://www.wildberries.ru/catalog/0/search.aspx?search=didriksons%20%D0%B4%D0%BB%D1%8F%20%D0%B6%D0%B5%D0%BD%D1%89%D0%B8%D0%BD&sort=newly,didricson,off
https://www.wildberries.ru/brands/snowimage,SNOWIMAGE,off
https://www.wildberries.ru/brands/tommy-jeans/zhenshchinam/verhnyaya-odezhda,TOMMY Jeans,off
https://www.wildberries.ru/brands/moon-river/verhnyaya-odezhda,MOON-river,off
